--
-- PostgreSQL database dump
--

-- Dumped from database version 16.2
-- Dumped by pg_dump version 16.0

-- Started on 2024-05-24 11:30:31

SET statement_timeout = 0;
SET lock_timeout = 0;
SET idle_in_transaction_session_timeout = 0;
SET client_encoding = 'UTF8';
SET standard_conforming_strings = on;
SELECT pg_catalog.set_config('search_path', '', false);
SET check_function_bodies = false;
SET xmloption = content;
SET client_min_messages = warning;
SET row_security = off;

--
-- TOC entry 5 (class 2615 OID 16519)
-- Name: public; Type: SCHEMA; Schema: -; Owner: pg_database_owner
--



ALTER SCHEMA public OWNER TO pg_database_owner;

--
-- TOC entry 4876 (class 0 OID 0)
-- Dependencies: 5
-- Name: SCHEMA public; Type: COMMENT; Schema: -; Owner: pg_database_owner
--

COMMENT ON SCHEMA public IS 'standard public schema';


SET default_tablespace = '';

SET default_table_access_method = heap;

--
-- TOC entry 215 (class 1259 OID 16520)
-- Name: event_categories; Type: TABLE; Schema: public; Owner: postgres
--

CREATE TABLE public.event_categories (
    id integer NOT NULL,
    name character varying NOT NULL,
    display_order integer NOT NULL
);


ALTER TABLE public.event_categories OWNER TO postgres;

--
-- TOC entry 216 (class 1259 OID 16525)
-- Name: event_categories_id_seq; Type: SEQUENCE; Schema: public; Owner: postgres
--

CREATE SEQUENCE public.event_categories_id_seq
    AS integer
    START WITH 1
    INCREMENT BY 1
    NO MINVALUE
    NO MAXVALUE
    CACHE 1;


ALTER SEQUENCE public.event_categories_id_seq OWNER TO postgres;

--
-- TOC entry 4878 (class 0 OID 0)
-- Dependencies: 216
-- Name: event_categories_id_seq; Type: SEQUENCE OWNED BY; Schema: public; Owner: postgres
--

ALTER SEQUENCE public.event_categories_id_seq OWNED BY public.event_categories.id;


--
-- TOC entry 217 (class 1259 OID 16526)
-- Name: event_enrollments; Type: TABLE; Schema: public; Owner: postgres
--

CREATE TABLE public.event_enrollments (
    id integer NOT NULL,
    id_event integer NOT NULL,
    id_user integer NOT NULL,
    description character varying NOT NULL,
    registration_date_time timestamp without time zone NOT NULL,
    attended boolean NOT NULL,
    observations character varying NOT NULL,
    rating integer NOT NULL
);


ALTER TABLE public.event_enrollments OWNER TO postgres;

--
-- TOC entry 218 (class 1259 OID 16531)
-- Name: event_enrollments_id_seq; Type: SEQUENCE; Schema: public; Owner: postgres
--

CREATE SEQUENCE public.event_enrollments_id_seq
    AS integer
    START WITH 1
    INCREMENT BY 1
    NO MINVALUE
    NO MAXVALUE
    CACHE 1;


ALTER SEQUENCE public.event_enrollments_id_seq OWNER TO postgres;

--
-- TOC entry 4879 (class 0 OID 0)
-- Dependencies: 218
-- Name: event_enrollments_id_seq; Type: SEQUENCE OWNED BY; Schema: public; Owner: postgres
--

ALTER SEQUENCE public.event_enrollments_id_seq OWNED BY public.event_enrollments.id;


--
-- TOC entry 219 (class 1259 OID 16532)
-- Name: event_locations; Type: TABLE; Schema: public; Owner: postgres
--

CREATE TABLE public.event_locations (
    id integer NOT NULL,
    id_location integer NOT NULL,
    name character varying NOT NULL,
    full_address character varying NOT NULL,
    max_capacity character varying NOT NULL,
    latitude numeric NOT NULL,
    longitude numeric NOT NULL,
    id_creator_user integer NOT NULL
);


ALTER TABLE public.event_locations OWNER TO postgres;

--
-- TOC entry 220 (class 1259 OID 16537)
-- Name: event_locations_id_seq; Type: SEQUENCE; Schema: public; Owner: postgres
--

CREATE SEQUENCE public.event_locations_id_seq
    AS integer
    START WITH 1
    INCREMENT BY 1
    NO MINVALUE
    NO MAXVALUE
    CACHE 1;


ALTER SEQUENCE public.event_locations_id_seq OWNER TO postgres;

--
-- TOC entry 4880 (class 0 OID 0)
-- Dependencies: 220
-- Name: event_locations_id_seq; Type: SEQUENCE OWNED BY; Schema: public; Owner: postgres
--

ALTER SEQUENCE public.event_locations_id_seq OWNED BY public.event_locations.id;


--
-- TOC entry 221 (class 1259 OID 16538)
-- Name: event_tags; Type: TABLE; Schema: public; Owner: postgres
--

CREATE TABLE public.event_tags (
    id integer NOT NULL,
    id_event integer NOT NULL,
    id_tag integer NOT NULL
);


ALTER TABLE public.event_tags OWNER TO postgres;

--
-- TOC entry 222 (class 1259 OID 16541)
-- Name: event_tags_id_seq; Type: SEQUENCE; Schema: public; Owner: postgres
--

CREATE SEQUENCE public.event_tags_id_seq
    AS integer
    START WITH 1
    INCREMENT BY 1
    NO MINVALUE
    NO MAXVALUE
    CACHE 1;


ALTER SEQUENCE public.event_tags_id_seq OWNER TO postgres;

--
-- TOC entry 4881 (class 0 OID 0)
-- Dependencies: 222
-- Name: event_tags_id_seq; Type: SEQUENCE OWNED BY; Schema: public; Owner: postgres
--

ALTER SEQUENCE public.event_tags_id_seq OWNED BY public.event_tags.id;


--
-- TOC entry 223 (class 1259 OID 16542)
-- Name: events; Type: TABLE; Schema: public; Owner: postgres
--

CREATE TABLE public.events (
    id integer NOT NULL,
    name character varying NOT NULL,
    description character varying NOT NULL,
    id_event_category integer NOT NULL,
    id_event_location integer NOT NULL,
    start_date timestamp without time zone NOT NULL,
    duration_in_minutes integer NOT NULL,
    price numeric NOT NULL,
    enabled_for_enrollment boolean NOT NULL,
    max_assistance integer NOT NULL,
    id_creator_user integer NOT NULL
);


ALTER TABLE public.events OWNER TO postgres;

--
-- TOC entry 224 (class 1259 OID 16547)
-- Name: events_id_seq; Type: SEQUENCE; Schema: public; Owner: postgres
--

CREATE SEQUENCE public.events_id_seq
    AS integer
    START WITH 1
    INCREMENT BY 1
    NO MINVALUE
    NO MAXVALUE
    CACHE 1;


ALTER SEQUENCE public.events_id_seq OWNER TO postgres;

--
-- TOC entry 4882 (class 0 OID 0)
-- Dependencies: 224
-- Name: events_id_seq; Type: SEQUENCE OWNED BY; Schema: public; Owner: postgres
--

ALTER SEQUENCE public.events_id_seq OWNED BY public.events.id;


--
-- TOC entry 225 (class 1259 OID 16548)
-- Name: locations; Type: TABLE; Schema: public; Owner: postgres
--

CREATE TABLE public.locations (
    id integer NOT NULL,
    name character varying NOT NULL,
    id_province integer NOT NULL,
    latitude numeric NOT NULL,
    longitude numeric NOT NULL
);


ALTER TABLE public.locations OWNER TO postgres;

--
-- TOC entry 226 (class 1259 OID 16553)
-- Name: locations_id_seq; Type: SEQUENCE; Schema: public; Owner: postgres
--

CREATE SEQUENCE public.locations_id_seq
    AS integer
    START WITH 1
    INCREMENT BY 1
    NO MINVALUE
    NO MAXVALUE
    CACHE 1;


ALTER SEQUENCE public.locations_id_seq OWNER TO postgres;

--
-- TOC entry 4883 (class 0 OID 0)
-- Dependencies: 226
-- Name: locations_id_seq; Type: SEQUENCE OWNED BY; Schema: public; Owner: postgres
--

ALTER SEQUENCE public.locations_id_seq OWNED BY public.locations.id;


--
-- TOC entry 227 (class 1259 OID 16554)
-- Name: provinces; Type: TABLE; Schema: public; Owner: postgres
--

CREATE TABLE public.provinces (
    id integer NOT NULL,
    name character varying NOT NULL,
    full_name character varying NOT NULL,
    latitude numeric NOT NULL,
    longitude numeric NOT NULL,
    display_order integer NOT NULL
);


ALTER TABLE public.provinces OWNER TO postgres;

--
-- TOC entry 228 (class 1259 OID 16559)
-- Name: provinces_id_seq; Type: SEQUENCE; Schema: public; Owner: postgres
--

CREATE SEQUENCE public.provinces_id_seq
    AS integer
    START WITH 1
    INCREMENT BY 1
    NO MINVALUE
    NO MAXVALUE
    CACHE 1;


ALTER SEQUENCE public.provinces_id_seq OWNER TO postgres;

--
-- TOC entry 4884 (class 0 OID 0)
-- Dependencies: 228
-- Name: provinces_id_seq; Type: SEQUENCE OWNED BY; Schema: public; Owner: postgres
--

ALTER SEQUENCE public.provinces_id_seq OWNED BY public.provinces.id;


--
-- TOC entry 229 (class 1259 OID 16560)
-- Name: tags; Type: TABLE; Schema: public; Owner: postgres
--

CREATE TABLE public.tags (
    id integer NOT NULL,
    name character varying NOT NULL
);


ALTER TABLE public.tags OWNER TO postgres;

--
-- TOC entry 230 (class 1259 OID 16565)
-- Name: tags_id_seq; Type: SEQUENCE; Schema: public; Owner: postgres
--

CREATE SEQUENCE public.tags_id_seq
    AS integer
    START WITH 1
    INCREMENT BY 1
    NO MINVALUE
    NO MAXVALUE
    CACHE 1;


ALTER SEQUENCE public.tags_id_seq OWNER TO postgres;

--
-- TOC entry 4885 (class 0 OID 0)
-- Dependencies: 230
-- Name: tags_id_seq; Type: SEQUENCE OWNED BY; Schema: public; Owner: postgres
--

ALTER SEQUENCE public.tags_id_seq OWNED BY public.tags.id;


--
-- TOC entry 231 (class 1259 OID 16566)
-- Name: users; Type: TABLE; Schema: public; Owner: postgres
--

CREATE TABLE public.users (
    id integer NOT NULL,
    first_name character varying NOT NULL,
    last_name character varying NOT NULL,
    username character varying NOT NULL,
    password character varying NOT NULL
);


ALTER TABLE public.users OWNER TO postgres;

--
-- TOC entry 232 (class 1259 OID 16571)
-- Name: users_id_seq; Type: SEQUENCE; Schema: public; Owner: postgres
--

CREATE SEQUENCE public.users_id_seq
    AS integer
    START WITH 1
    INCREMENT BY 1
    NO MINVALUE
    NO MAXVALUE
    CACHE 1;


ALTER SEQUENCE public.users_id_seq OWNER TO postgres;

--
-- TOC entry 4886 (class 0 OID 0)
-- Dependencies: 232
-- Name: users_id_seq; Type: SEQUENCE OWNED BY; Schema: public; Owner: postgres
--

ALTER SEQUENCE public.users_id_seq OWNED BY public.users.id;


--
-- TOC entry 4674 (class 2604 OID 16572)
-- Name: event_categories id; Type: DEFAULT; Schema: public; Owner: postgres
--

ALTER TABLE ONLY public.event_categories ALTER COLUMN id SET DEFAULT nextval('public.event_categories_id_seq'::regclass);


--
-- TOC entry 4675 (class 2604 OID 16573)
-- Name: event_enrollments id; Type: DEFAULT; Schema: public; Owner: postgres
--

ALTER TABLE ONLY public.event_enrollments ALTER COLUMN id SET DEFAULT nextval('public.event_enrollments_id_seq'::regclass);


--
-- TOC entry 4676 (class 2604 OID 16574)
-- Name: event_locations id; Type: DEFAULT; Schema: public; Owner: postgres
--

ALTER TABLE ONLY public.event_locations ALTER COLUMN id SET DEFAULT nextval('public.event_locations_id_seq'::regclass);


--
-- TOC entry 4677 (class 2604 OID 16575)
-- Name: event_tags id; Type: DEFAULT; Schema: public; Owner: postgres
--

ALTER TABLE ONLY public.event_tags ALTER COLUMN id SET DEFAULT nextval('public.event_tags_id_seq'::regclass);


--
-- TOC entry 4678 (class 2604 OID 16576)
-- Name: events id; Type: DEFAULT; Schema: public; Owner: postgres
--

ALTER TABLE ONLY public.events ALTER COLUMN id SET DEFAULT nextval('public.events_id_seq'::regclass);


--
-- TOC entry 4679 (class 2604 OID 16577)
-- Name: locations id; Type: DEFAULT; Schema: public; Owner: postgres
--

ALTER TABLE ONLY public.locations ALTER COLUMN id SET DEFAULT nextval('public.locations_id_seq'::regclass);


--
-- TOC entry 4680 (class 2604 OID 16578)
-- Name: provinces id; Type: DEFAULT; Schema: public; Owner: postgres
--

ALTER TABLE ONLY public.provinces ALTER COLUMN id SET DEFAULT nextval('public.provinces_id_seq'::regclass);


--
-- TOC entry 4681 (class 2604 OID 16579)
-- Name: tags id; Type: DEFAULT; Schema: public; Owner: postgres
--

ALTER TABLE ONLY public.tags ALTER COLUMN id SET DEFAULT nextval('public.tags_id_seq'::regclass);


--
-- TOC entry 4682 (class 2604 OID 16580)
-- Name: users id; Type: DEFAULT; Schema: public; Owner: postgres
--

ALTER TABLE ONLY public.users ALTER COLUMN id SET DEFAULT nextval('public.users_id_seq'::regclass);


--
-- TOC entry 4853 (class 0 OID 16520)
-- Dependencies: 215
-- Data for Name: event_categories; Type: TABLE DATA; Schema: public; Owner: postgres
--

INSERT INTO public.event_categories VALUES (1, 'Music', 1);
INSERT INTO public.event_categories VALUES (2, 'Art', 2);
INSERT INTO public.event_categories VALUES (3, 'Technology', 3);


--
-- TOC entry 4855 (class 0 OID 16526)
-- Dependencies: 217
-- Data for Name: event_enrollments; Type: TABLE DATA; Schema: public; Owner: postgres
--

INSERT INTO public.event_enrollments VALUES (1, 1, 1, 'Registered for concert', '2024-05-01 10:00:00', false, '', 0);
INSERT INTO public.event_enrollments VALUES (2, 2, 2, 'Registered for exhibition', '2024-05-02 11:00:00', false, '', 0);
INSERT INTO public.event_enrollments VALUES (3, 3, 3, 'Registered for tech talk', '2024-05-03 12:00:00', false, '', 0);


--
-- TOC entry 4857 (class 0 OID 16532)
-- Dependencies: 219
-- Data for Name: event_locations; Type: TABLE DATA; Schema: public; Owner: postgres
--

INSERT INTO public.event_locations VALUES (1, 1, 'Main Hall', '123 Main St', '100', 40.7128, -74.0060, 1);
INSERT INTO public.event_locations VALUES (2, 2, 'Conference Room', '456 Elm St', '50', 34.0522, -118.2437, 2);
INSERT INTO public.event_locations VALUES (3, 3, 'Open Space', '789 Oak St', '200', 37.7749, -122.4194, 3);


--
-- TOC entry 4859 (class 0 OID 16538)
-- Dependencies: 221
-- Data for Name: event_tags; Type: TABLE DATA; Schema: public; Owner: postgres
--

INSERT INTO public.event_tags VALUES (1, 1, 1);
INSERT INTO public.event_tags VALUES (2, 2, 2);
INSERT INTO public.event_tags VALUES (3, 3, 3);


--
-- TOC entry 4861 (class 0 OID 16542)
-- Dependencies: 223
-- Data for Name: events; Type: TABLE DATA; Schema: public; Owner: postgres
--

INSERT INTO public.events VALUES (1, 'Concert', 'Live music event', 1, 1, '2024-06-01 18:00:00', 120, 50.00, true, 100, 1);
INSERT INTO public.events VALUES (2, 'Art Exhibition', 'Modern art gallery', 2, 2, '2024-06-02 10:00:00', 180, 20.00, true, 50, 2);
INSERT INTO public.events VALUES (3, 'Tech Talk', 'Latest in technology', 3, 3, '2024-06-03 14:00:00', 90, 0.00, true, 200, 3);


--
-- TOC entry 4863 (class 0 OID 16548)
-- Dependencies: 225
-- Data for Name: locations; Type: TABLE DATA; Schema: public; Owner: postgres
--

INSERT INTO public.locations VALUES (1, 'New York', 1, 40.7128, -74.0060);
INSERT INTO public.locations VALUES (2, 'Los Angeles', 2, 34.0522, -118.2437);
INSERT INTO public.locations VALUES (3, 'San Francisco', 3, 37.7749, -122.4194);


--
-- TOC entry 4865 (class 0 OID 16554)
-- Dependencies: 227
-- Data for Name: provinces; Type: TABLE DATA; Schema: public; Owner: postgres
--

INSERT INTO public.provinces VALUES (1, 'NY', 'New York', 40.7128, -74.0060, 1);
INSERT INTO public.provinces VALUES (2, 'CA', 'California', 34.0522, -118.2437, 2);
INSERT INTO public.provinces VALUES (3, 'CA', 'California', 37.7749, -122.4194, 3);


--
-- TOC entry 4867 (class 0 OID 16560)
-- Dependencies: 229
-- Data for Name: tags; Type: TABLE DATA; Schema: public; Owner: postgres
--

INSERT INTO public.tags VALUES (1, 'Music');
INSERT INTO public.tags VALUES (2, 'Art');
INSERT INTO public.tags VALUES (3, 'Technology');


--
-- TOC entry 4869 (class 0 OID 16566)
-- Dependencies: 231
-- Data for Name: users; Type: TABLE DATA; Schema: public; Owner: postgres
--

INSERT INTO public.users VALUES (1, 'John', 'Doe', 'jdoe', 'password1');
INSERT INTO public.users VALUES (2, 'Jane', 'Smith', 'jsmith', 'password2');
INSERT INTO public.users VALUES (3, 'Alice', 'Johnson', 'ajohnson', 'password3');


--
-- TOC entry 4887 (class 0 OID 0)
-- Dependencies: 216
-- Name: event_categories_id_seq; Type: SEQUENCE SET; Schema: public; Owner: postgres
--

SELECT pg_catalog.setval('public.event_categories_id_seq', 1, false);


--
-- TOC entry 4888 (class 0 OID 0)
-- Dependencies: 218
-- Name: event_enrollments_id_seq; Type: SEQUENCE SET; Schema: public; Owner: postgres
--

SELECT pg_catalog.setval('public.event_enrollments_id_seq', 1, false);


--
-- TOC entry 4889 (class 0 OID 0)
-- Dependencies: 220
-- Name: event_locations_id_seq; Type: SEQUENCE SET; Schema: public; Owner: postgres
--

SELECT pg_catalog.setval('public.event_locations_id_seq', 1, false);


--
-- TOC entry 4890 (class 0 OID 0)
-- Dependencies: 222
-- Name: event_tags_id_seq; Type: SEQUENCE SET; Schema: public; Owner: postgres
--

SELECT pg_catalog.setval('public.event_tags_id_seq', 1, false);


--
-- TOC entry 4891 (class 0 OID 0)
-- Dependencies: 224
-- Name: events_id_seq; Type: SEQUENCE SET; Schema: public; Owner: postgres
--

SELECT pg_catalog.setval('public.events_id_seq', 1, false);


--
-- TOC entry 4892 (class 0 OID 0)
-- Dependencies: 226
-- Name: locations_id_seq; Type: SEQUENCE SET; Schema: public; Owner: postgres
--

SELECT pg_catalog.setval('public.locations_id_seq', 1, false);


--
-- TOC entry 4893 (class 0 OID 0)
-- Dependencies: 228
-- Name: provinces_id_seq; Type: SEQUENCE SET; Schema: public; Owner: postgres
--

SELECT pg_catalog.setval('public.provinces_id_seq', 1, false);


--
-- TOC entry 4894 (class 0 OID 0)
-- Dependencies: 230
-- Name: tags_id_seq; Type: SEQUENCE SET; Schema: public; Owner: postgres
--

SELECT pg_catalog.setval('public.tags_id_seq', 1, false);


--
-- TOC entry 4895 (class 0 OID 0)
-- Dependencies: 232
-- Name: users_id_seq; Type: SEQUENCE SET; Schema: public; Owner: postgres
--

SELECT pg_catalog.setval('public.users_id_seq', 1, false);


--
-- TOC entry 4684 (class 2606 OID 16582)
-- Name: event_categories PK_EventCategories; Type: CONSTRAINT; Schema: public; Owner: postgres
--

ALTER TABLE ONLY public.event_categories
    ADD CONSTRAINT "PK_EventCategories" PRIMARY KEY (id);


--
-- TOC entry 4686 (class 2606 OID 16584)
-- Name: event_enrollments PK_EventEnrollments; Type: CONSTRAINT; Schema: public; Owner: postgres
--

ALTER TABLE ONLY public.event_enrollments
    ADD CONSTRAINT "PK_EventEnrollments" PRIMARY KEY (id);


--
-- TOC entry 4688 (class 2606 OID 16586)
-- Name: event_locations PK_EventLocations; Type: CONSTRAINT; Schema: public; Owner: postgres
--

ALTER TABLE ONLY public.event_locations
    ADD CONSTRAINT "PK_EventLocations" PRIMARY KEY (id);


--
-- TOC entry 4690 (class 2606 OID 16588)
-- Name: event_tags PK_EventTags; Type: CONSTRAINT; Schema: public; Owner: postgres
--

ALTER TABLE ONLY public.event_tags
    ADD CONSTRAINT "PK_EventTags" PRIMARY KEY (id);


--
-- TOC entry 4692 (class 2606 OID 16590)
-- Name: events PK_Events; Type: CONSTRAINT; Schema: public; Owner: postgres
--

ALTER TABLE ONLY public.events
    ADD CONSTRAINT "PK_Events" PRIMARY KEY (id);


--
-- TOC entry 4696 (class 2606 OID 16592)
-- Name: provinces PK_Provinces ; Type: CONSTRAINT; Schema: public; Owner: postgres
--

ALTER TABLE ONLY public.provinces
    ADD CONSTRAINT "PK_Provinces " PRIMARY KEY (id);


--
-- TOC entry 4698 (class 2606 OID 16594)
-- Name: tags PK_Tags; Type: CONSTRAINT; Schema: public; Owner: postgres
--

ALTER TABLE ONLY public.tags
    ADD CONSTRAINT "PK_Tags" PRIMARY KEY (id);


--
-- TOC entry 4700 (class 2606 OID 16596)
-- Name: users PK_Users; Type: CONSTRAINT; Schema: public; Owner: postgres
--

ALTER TABLE ONLY public.users
    ADD CONSTRAINT "PK_Users" PRIMARY KEY (id);


--
-- TOC entry 4694 (class 2606 OID 16598)
-- Name: locations locations_pkey; Type: CONSTRAINT; Schema: public; Owner: postgres
--

ALTER TABLE ONLY public.locations
    ADD CONSTRAINT locations_pkey PRIMARY KEY (id);


--
-- TOC entry 4701 (class 2606 OID 16599)
-- Name: event_enrollments FK_Event_enrollments_Events; Type: FK CONSTRAINT; Schema: public; Owner: postgres
--

ALTER TABLE ONLY public.event_enrollments
    ADD CONSTRAINT "FK_Event_enrollments_Events" FOREIGN KEY (id_event) REFERENCES public.events(id) NOT VALID;


--
-- TOC entry 4702 (class 2606 OID 16604)
-- Name: event_enrollments FK_Event_enrollments_Users; Type: FK CONSTRAINT; Schema: public; Owner: postgres
--

ALTER TABLE ONLY public.event_enrollments
    ADD CONSTRAINT "FK_Event_enrollments_Users" FOREIGN KEY (id_user) REFERENCES public.users(id) NOT VALID;


--
-- TOC entry 4704 (class 2606 OID 16609)
-- Name: event_tags FK_Event_tags_Event; Type: FK CONSTRAINT; Schema: public; Owner: postgres
--

ALTER TABLE ONLY public.event_tags
    ADD CONSTRAINT "FK_Event_tags_Event" FOREIGN KEY (id_event) REFERENCES public.events(id) NOT VALID;


--
-- TOC entry 4705 (class 2606 OID 16614)
-- Name: event_tags FK_Event_tags_Tags; Type: FK CONSTRAINT; Schema: public; Owner: postgres
--

ALTER TABLE ONLY public.event_tags
    ADD CONSTRAINT "FK_Event_tags_Tags" FOREIGN KEY (id_tag) REFERENCES public.tags(id) NOT VALID;


--
-- TOC entry 4703 (class 2606 OID 16619)
-- Name: event_locations FK_EventlocationLocations; Type: FK CONSTRAINT; Schema: public; Owner: postgres
--

ALTER TABLE ONLY public.event_locations
    ADD CONSTRAINT "FK_EventlocationLocations" FOREIGN KEY (id_location) REFERENCES public.locations(id) NOT VALID;


--
-- TOC entry 4706 (class 2606 OID 16624)
-- Name: events FK_EventsEvent_categories; Type: FK CONSTRAINT; Schema: public; Owner: postgres
--

ALTER TABLE ONLY public.events
    ADD CONSTRAINT "FK_EventsEvent_categories" FOREIGN KEY (id_event_category) REFERENCES public.event_categories(id) NOT VALID;


--
-- TOC entry 4707 (class 2606 OID 16629)
-- Name: events FK_EventsEvent_locations; Type: FK CONSTRAINT; Schema: public; Owner: postgres
--

ALTER TABLE ONLY public.events
    ADD CONSTRAINT "FK_EventsEvent_locations" FOREIGN KEY (id_event_location) REFERENCES public.event_locations(id) NOT VALID;


--
-- TOC entry 4708 (class 2606 OID 16634)
-- Name: events FK_EventsUsers; Type: FK CONSTRAINT; Schema: public; Owner: postgres
--

ALTER TABLE ONLY public.events
    ADD CONSTRAINT "FK_EventsUsers" FOREIGN KEY (id_creator_user) REFERENCES public.users(id) NOT VALID;


--
-- TOC entry 4709 (class 2606 OID 16639)
-- Name: locations FK_LocationsProvince; Type: FK CONSTRAINT; Schema: public; Owner: postgres
--

ALTER TABLE ONLY public.locations
    ADD CONSTRAINT "FK_LocationsProvince" FOREIGN KEY (id_province) REFERENCES public.provinces(id) NOT VALID;


--
-- TOC entry 4877 (class 0 OID 0)
-- Dependencies: 5
-- Name: SCHEMA public; Type: ACL; Schema: -; Owner: pg_database_owner
--

REVOKE USAGE ON SCHEMA public FROM PUBLIC;


-- Completed on 2024-05-24 11:30:31

--
-- PostgreSQL database dump complete
--

